{
  "arithmetic": {
    "avg": 0.043195645014444985,
    "min": 0.042829036712646484,
    "max": 0.043392181396484375,
    "threshold": 0.1,
    "passed": true,
    "runs": 3
  },
  "loop_intensive": {
    "avg": 0.04766384760538737,
    "min": 0.04646587371826172,
    "max": 0.04989886283874512,
    "threshold": 0.1,
    "passed": true,
    "runs": 3
  },
  "fibonacci_15": {
    "avg": 0.05064471562703451,
    "min": 0.04990410804748535,
    "max": 0.051290035247802734,
    "threshold": 0.5,
    "passed": true,
    "runs": 3
  }
}