{
  "arithmetic": {
    "avg": 0.044342994689941406,
    "min": 0.04143691062927246,
    "max": 0.04991006851196289,
    "threshold": 0.1,
    "passed": true,
    "runs": 3
  },
  "loop_intensive": {
    "avg": 0.047565460205078125,
    "min": 0.047142982482910156,
    "max": 0.04835915565490723,
    "threshold": 0.1,
    "passed": true,
    "runs": 3
  },
  "fibonacci_15": {
    "avg": 0.04995338122049967,
    "min": 0.04725027084350586,
    "max": 0.0543980598449707,
    "threshold": 0.5,
    "passed": true,
    "runs": 3
  },
  "array_ops": {
    "avg": 0.023013909657796223,
    "min": 0.022183895111083984,
    "max": 0.024574995040893555,
    "threshold": 0.15,
    "passed": true,
    "runs": 3
  },
  "memory_test": {
    "avg": 0.08095773061116536,
    "min": 0.0775899887084961,
    "max": 0.08607220649719238,
    "threshold": 0.2,
    "passed": true,
    "runs": 3
  }
}